{
 "tag": "ספט 24",
 "target_exams": [
  "sept24_al",
  "sept24_basis"
 ],
 "verified": [
  [
   427,
   "sept24_al",
   10,
   0.9696969696969697
  ],
  [
   428,
   "sept24_al",
   12,
   1.0
  ],
  [
   429,
   "sept24_basis",
   13,
   1.0
  ],
  [
   430,
   "sept24_al",
   15,
   1.0
  ],
  [
   431,
   "sept24_al",
   17,
   1.0
  ],
  [
   432,
   "sept24_al",
   20,
   1.0
  ],
  [
   433,
   "sept24_basis",
   22,
   1.0
  ],
  [
   434,
   "sept24_basis",
   25,
   1.0
  ],
  [
   435,
   "sept24_al",
   26,
   1.0
  ],
  [
   436,
   "sept24_al",
   27,
   1.0
  ],
  [
   437,
   "sept24_al",
   31,
   1.0
  ],
  [
   438,
   "sept24_al",
   33,
   0.984375
  ],
  [
   439,
   "sept24_al",
   36,
   1.0
  ],
  [
   440,
   "sept24_basis",
   38,
   1.0
  ],
  [
   441,
   "sept24_basis",
   39,
   1.0
  ],
  [
   442,
   "sept24_al",
   41,
   1.0
  ],
  [
   443,
   "sept24_al",
   49,
   1.0
  ],
  [
   444,
   "sept24_basis",
   53,
   1.0
  ],
  [
   445,
   "sept24_al",
   55,
   1.0
  ],
  [
   446,
   "sept24_al",
   56,
   1.0
  ],
  [
   447,
   "sept24_al",
   64,
   1.0
  ],
  [
   448,
   "sept24_al",
   65,
   1.0
  ],
  [
   449,
   "sept24_al",
   69,
   1.0
  ],
  [
   450,
   "sept24_al",
   70,
   0.9303621169916435
  ],
  [
   451,
   "sept24_al",
   71,
   1.0
  ],
  [
   452,
   "sept24_al",
   72,
   1.0
  ],
  [
   453,
   "sept24_al",
   77,
   1.0
  ],
  [
   454,
   "sept24_al",
   81,
   0.9532710280373832
  ],
  [
   455,
   "sept24_al",
   83,
   1.0
  ],
  [
   456,
   "sept24_al",
   84,
   1.0
  ],
  [
   457,
   "sept24_al",
   86,
   1.0
  ],
  [
   458,
   "sept24_al",
   87,
   1.0
  ],
  [
   459,
   "sept24_al",
   88,
   1.0
  ],
  [
   460,
   "sept24_al",
   90,
   1.0
  ],
  [
   461,
   "sept24_al",
   92,
   1.0
  ],
  [
   462,
   "sept24_basis",
   93,
   1.0
  ],
  [
   463,
   "sept24_al",
   94,
   1.0
  ],
  [
   464,
   "sept24_al",
   95,
   1.0
  ],
  [
   465,
   "sept24_al",
   97,
   1.0
  ],
  [
   466,
   "sept24_al",
   98,
   1.0
  ],
  [
   3421,
   "sept24_al",
   43,
   1.0
  ],
  [
   3466,
   "sept24_al",
   23,
   1.0
  ],
  [
   3467,
   "sept24_al",
   66,
   1.0
  ],
  [
   3468,
   "sept24_basis",
   107,
   1.0
  ],
  [
   3469,
   "sept24_basis",
   119,
   1.0
  ],
  [
   3470,
   "sept24_basis",
   139,
   1.0
  ],
  [
   3471,
   "sept24_basis",
   143,
   1.0
  ]
 ],
 "mistagged": [],
 "orphans": [
  470,
  482,
  501,
  513,
  554,
  555,
  556,
  560,
  578,
  580,
  589,
  595,
  603,
  606,
  627,
  635,
  639,
  640,
  660,
  662,
  717,
  720,
  731,
  743,
  745,
  751
 ],
 "stats": {
  "verified": 47,
  "mistagged": 0,
  "orphan": 26
 }
}