{
 "tag": "ספט 24",
 "target_exams": [
  "sept24_al",
  "sept24_basis"
 ],
 "verified": [
  [
   427,
   "sept24_al",
   10,
   0.9696969696969697
  ],
  [
   428,
   "sept24_al",
   12,
   1.0
  ],
  [
   429,
   "sept24_basis",
   13,
   1.0
  ],
  [
   430,
   "sept24_al",
   15,
   1.0
  ],
  [
   431,
   "sept24_al",
   17,
   1.0
  ],
  [
   432,
   "sept24_al",
   20,
   1.0
  ],
  [
   433,
   "sept24_basis",
   22,
   1.0
  ],
  [
   434,
   "sept24_basis",
   25,
   1.0
  ],
  [
   435,
   "sept24_al",
   26,
   1.0
  ],
  [
   436,
   "sept24_al",
   27,
   1.0
  ],
  [
   437,
   "sept24_al",
   31,
   1.0
  ],
  [
   438,
   "sept24_al",
   33,
   0.984375
  ],
  [
   439,
   "sept24_al",
   36,
   1.0
  ],
  [
   440,
   "sept24_basis",
   38,
   1.0
  ],
  [
   441,
   "sept24_basis",
   39,
   1.0
  ],
  [
   442,
   "sept24_al",
   41,
   1.0
  ],
  [
   443,
   "sept24_al",
   49,
   1.0
  ],
  [
   444,
   "sept24_basis",
   53,
   1.0
  ],
  [
   445,
   "sept24_al",
   55,
   1.0
  ],
  [
   446,
   "sept24_al",
   56,
   1.0
  ],
  [
   447,
   "sept24_al",
   64,
   1.0
  ],
  [
   448,
   "sept24_al",
   65,
   1.0
  ],
  [
   449,
   "sept24_al",
   69,
   1.0
  ],
  [
   450,
   "sept24_al",
   70,
   0.9303621169916435
  ],
  [
   451,
   "sept24_al",
   71,
   1.0
  ],
  [
   452,
   "sept24_al",
   72,
   1.0
  ],
  [
   453,
   "sept24_al",
   77,
   1.0
  ],
  [
   454,
   "sept24_al",
   81,
   0.9532710280373832
  ],
  [
   455,
   "sept24_al",
   83,
   1.0
  ],
  [
   456,
   "sept24_al",
   84,
   1.0
  ],
  [
   457,
   "sept24_al",
   86,
   1.0
  ],
  [
   458,
   "sept24_al",
   87,
   1.0
  ],
  [
   459,
   "sept24_al",
   88,
   1.0
  ],
  [
   460,
   "sept24_al",
   90,
   1.0
  ],
  [
   461,
   "sept24_al",
   92,
   1.0
  ],
  [
   462,
   "sept24_basis",
   93,
   1.0
  ],
  [
   463,
   "sept24_al",
   94,
   1.0
  ],
  [
   464,
   "sept24_al",
   95,
   1.0
  ],
  [
   465,
   "sept24_al",
   97,
   1.0
  ],
  [
   466,
   "sept24_al",
   98,
   1.0
  ],
  [
   3421,
   "sept24_al",
   43,
   1.0
  ],
  [
   3466,
   "sept24_al",
   23,
   1.0
  ],
  [
   3467,
   "sept24_al",
   66,
   1.0
  ],
  [
   3468,
   "sept24_basis",
   107,
   1.0
  ],
  [
   3469,
   "sept24_basis",
   119,
   1.0
  ],
  [
   3470,
   "sept24_basis",
   139,
   1.0
  ],
  [
   3471,
   "sept24_basis",
   143,
   1.0
  ]
 ],
 "mistagged": [
  [
   467,
   "may24_al",
   1,
   1.0
  ],
  [
   468,
   "may24_al",
   2,
   1.0
  ],
  [
   469,
   "may24_al",
   3,
   1.0
  ],
  [
   471,
   "may24_al",
   5,
   0.916083916083916
  ],
  [
   472,
   "may24_al",
   6,
   1.0
  ],
  [
   473,
   "may24_al",
   7,
   0.9278350515463918
  ],
  [
   474,
   "may24_al",
   8,
   1.0
  ],
  [
   475,
   "may24_al",
   9,
   1.0
  ],
  [
   476,
   "may24_al",
   10,
   1.0
  ],
  [
   477,
   "may24_al",
   11,
   0.9066666666666666
  ],
  [
   478,
   "may24_al",
   12,
   0.9864253393665159
  ],
  [
   479,
   "may24_al",
   13,
   1.0
  ],
  [
   480,
   "may24_al",
   14,
   0.9403747870528109
  ],
  [
   481,
   "may24_al",
   15,
   1.0
  ],
  [
   483,
   "may24_al",
   17,
   0.9230769230769231
  ],
  [
   484,
   "may24_al",
   18,
   1.0
  ],
  [
   485,
   "may24_al",
   19,
   1.0
  ],
  [
   486,
   "may24_al",
   20,
   0.9971988795518207
  ],
  [
   487,
   "may24_al",
   21,
   0.8638132295719845
  ],
  [
   488,
   "may24_al",
   22,
   1.0
  ],
  [
   489,
   "may24_al",
   23,
   1.0
  ],
  [
   490,
   "may24_al",
   24,
   1.0
  ],
  [
   491,
   "may24_al",
   25,
   0.8844884488448845
  ],
  [
   492,
   "may24_al",
   27,
   0.9890510948905109
  ],
  [
   493,
   "may24_al",
   28,
   1.0
  ],
  [
   494,
   "may24_al",
   29,
   0.9081364829396326
  ],
  [
   495,
   "may24_al",
   30,
   1.0
  ],
  [
   496,
   "may24_al",
   31,
   1.0
  ],
  [
   497,
   "may24_al",
   32,
   0.9429037520391517
  ],
  [
   498,
   "may24_al",
   33,
   1.0
  ],
  [
   499,
   "may24_al",
   34,
   1.0
  ],
  [
   500,
   "may24_al",
   35,
   0.8788927335640139
  ],
  [
   502,
   "may24_al",
   37,
   1.0
  ],
  [
   503,
   "may24_al",
   38,
   1.0
  ],
  [
   504,
   "may24_al",
   39,
   1.0
  ],
  [
   505,
   "may24_al",
   40,
   0.9206349206349206
  ],
  [
   506,
   "may24_al",
   41,
   1.0
  ],
  [
   507,
   "may24_al",
   42,
   0.9840764331210191
  ],
  [
   508,
   "may24_al",
   43,
   1.0
  ],
  [
   509,
   "may24_al",
   44,
   0.910025706940874
  ],
  [
   510,
   "may24_al",
   45,
   1.0
  ],
  [
   511,
   "may24_al",
   46,
   1.0
  ],
  [
   512,
   "may24_al",
   47,
   1.0
  ],
  [
   514,
   "may24_al",
   49,
   0.9925925925925926
  ],
  [
   515,
   "may24_al",
   50,
   1.0
  ],
  [
   516,
   "may24_al",
   51,
   0.9880239520958084
  ],
  [
   517,
   "may24_al",
   52,
   0.8736462093862816
  ],
  [
   518,
   "may24_al",
   53,
   1.0
  ],
  [
   519,
   "may24_al",
   54,
   1.0
  ],
  [
   520,
   "may24_al",
   55,
   1.0
  ],
  [
   521,
   "may24_al",
   56,
   0.9627263045793397
  ],
  [
   522,
   "may24_al",
   57,
   1.0
  ],
  [
   523,
   "may24_al",
   58,
   1.0
  ],
  [
   524,
   "may24_al",
   59,
   1.0
  ],
  [
   525,
   "may24_al",
   60,
   0.9559748427672956
  ],
  [
   526,
   "may24_al",
   61,
   1.0
  ],
  [
   527,
   "may24_al",
   62,
   1.0
  ],
  [
   528,
   "may24_al",
   63,
   1.0
  ],
  [
   529,
   "may24_al",
   64,
   0.9572649572649573
  ],
  [
   530,
   "may24_al",
   65,
   1.0
  ],
  [
   531,
   "may24_al",
   66,
   1.0
  ],
  [
   532,
   "may24_al",
   67,
   1.0
  ],
  [
   533,
   "may24_al",
   68,
   0.9325626204238922
  ],
  [
   534,
   "may24_al",
   69,
   1.0
  ],
  [
   535,
   "may24_al",
   70,
   1.0
  ],
  [
   536,
   "may24_al",
   71,
   0.9460708782742681
  ],
  [
   537,
   "may24_al",
   72,
   1.0
  ],
  [
   538,
   "may24_al",
   73,
   1.0
  ],
  [
   539,
   "may24_al",
   74,
   0.8813559322033898
  ],
  [
   540,
   "may24_al",
   75,
   1.0
  ],
  [
   541,
   "may24_al",
   76,
   1.0
  ],
  [
   542,
   "may24_al",
   77,
   0.9191321499013807
  ],
  [
   543,
   "may24_al",
   78,
   1.0
  ],
  [
   544,
   "may24_al",
   79,
   1.0
  ],
  [
   545,
   "may24_al",
   80,
   1.0
  ],
  [
   546,
   "may24_al",
   81,
   0.8727272727272727
  ],
  [
   547,
   "may24_al",
   82,
   1.0
  ],
  [
   548,
   "may24_al",
   83,
   1.0
  ],
  [
   549,
   "may24_al",
   84,
   1.0
  ],
  [
   550,
   "may24_al",
   85,
   0.9113924050632911
  ],
  [
   551,
   "may24_al",
   86,
   1.0
  ],
  [
   552,
   "may24_al",
   87,
   1.0
  ],
  [
   553,
   "may24_al",
   88,
   0.96
  ],
  [
   557,
   "may24_al",
   92,
   1.0
  ],
  [
   558,
   "may24_al",
   93,
   1.0
  ],
  [
   559,
   "may24_al",
   94,
   1.0
  ],
  [
   561,
   "may24_al",
   96,
   1.0
  ],
  [
   562,
   "may24_al",
   97,
   1.0
  ],
  [
   563,
   "may24_al",
   98,
   1.0
  ],
  [
   564,
   "may24_al",
   99,
   1.0
  ],
  [
   565,
   "may24_al",
   100,
   1.0
  ],
  [
   566,
   "may24_basis",
   101,
   1.0
  ],
  [
   567,
   "may24_basis",
   102,
   0.9974160206718347
  ],
  [
   568,
   "may24_basis",
   103,
   1.0
  ],
  [
   569,
   "may24_basis",
   104,
   0.9137529137529138
  ],
  [
   570,
   "may24_basis",
   105,
   1.0
  ],
  [
   571,
   "may24_basis",
   106,
   1.0
  ],
  [
   572,
   "may24_basis",
   107,
   0.9920424403183024
  ],
  [
   573,
   "may24_basis",
   108,
   0.9440242057488654
  ],
  [
   574,
   "may24_basis",
   109,
   1.0
  ],
  [
   575,
   "may24_basis",
   110,
   1.0
  ],
  [
   576,
   "may24_basis",
   111,
   1.0
  ],
  [
   577,
   "may24_basis",
   112,
   0.9175946547884187
  ],
  [
   579,
   "may24_basis",
   114,
   1.0
  ],
  [
   581,
   "may24_basis",
   116,
   0.9090909090909091
  ],
  [
   582,
   "may24_basis",
   117,
   0.9933774834437086
  ],
  [
   583,
   "may24_basis",
   118,
   1.0
  ],
  [
   584,
   "may24_basis",
   119,
   0.896358543417367
  ],
  [
   585,
