{
 "tag": "2023-ב",
 "target_exams": [
  "2023_basis"
 ],
 "verified": [
  [
   3453,
   "2023_basis",
   112,
   1.0
  ],
  [
   3454,
   "2023_basis",
   121,
   1.0
  ],
  [
   3455,
   "2023_basis",
   125,
   1.0
  ],
  [
   3456,
   "2023_basis",
   131,
   1.0
  ],
  [
   3457,
   "2023_basis",
   147,
   1.0
  ],
  [
   3458,
   "2023_basis",
   149,
   1.0
  ]
 ],
 "mistagged": [
  [
   762,
   "2020_al",
   1,
   0.978021978021978
  ],
  [
   766,
   "2020_al",
   5,
   1.0
  ],
  [
   768,
   "2020_al",
   7,
   1.0
  ],
  [
   769,
   "2020_al",
   8,
   1.0
  ],
  [
   771,
   "2020_al",
   10,
   1.0
  ],
  [
   772,
   "2020_al",
   11,
   1.0
  ],
  [
   774,
   "2020_al",
   13,
   0.9724770642201835
  ],
  [
   775,
   "2020_al",
   14,
   1.0
  ],
  [
   779,
   "2020_al",
   18,
   1.0
  ],
  [
   783,
   "2020_al",
   22,
   1.0
  ],
  [
   785,
   "2020_al",
   24,
   0.9516129032258065
  ],
  [
   786,
   "2020_al",
   25,
   0.9931600547195623
  ],
  [
   788,
   "2020_al",
   27,
   1.0
  ],
  [
   790,
   "2020_al",
   29,
   0.9777777777777777
  ],
  [
   791,
   "2020_al",
   30,
   0.9878048780487805
  ],
  [
   797,
   "2020_al",
   36,
   0.9796839729119639
  ],
  [
   802,
   "2020_al",
   42,
   0.9749303621169917
  ],
  [
   804,
   "2020_al",
   44,
   0.9930232558139535
  ],
  [
   809,
   "2020_al",
   50,
   0.9797297297297297
  ],
  [
   810,
   "2020_al",
   51,
   1.0
  ],
  [
   811,
   "2020_al",
   52,
   1.0
  ],
  [
   813,
   "2020_al",
   54,
   0.9981884057971014
  ],
  [
   815,
   "2020_al",
   56,
   0.968421052631579
  ],
  [
   820,
   "2020_al",
   61,
   0.9698996655518395
  ],
  [
   822,
   "2020_al",
   63,
   1.0
  ],
  [
   823,
   "2020_al",
   64,
   0.9724208375893769
  ],
  [
   825,
   "2020_al",
   66,
   1.0
  ],
  [
   829,
   "2020_al",
   70,
   0.9938775510204082
  ],
  [
   833,
   "2020_al",
   75,
   1.0
  ],
  [
   835,
   "2020_al",
   77,
   1.0
  ],
  [
   845,
   "2020_al",
   87,
   0.9737609329446064
  ],
  [
   846,
   "2020_al",
   88,
   1.0
  ],
  [
   847,
   "2020_al",
   89,
   0.9547738693467337
  ],
  [
   849,
   "2020_al",
   91,
   0.9629629629629629
  ],
  [
   850,
   "2020_al",
   92,
   0.8765957446808511
  ],
  [
   854,
   "2020_al",
   96,
   1.0
  ],
  [
   855,
   "2020_al",
   97,
   1.0
  ],
  [
   856,
   "2020_al",
   98,
   0.9631147540983607
  ],
  [
   858,
   "2020_al",
   100,
   1.0
  ],
  [
   859,
   "2021_al",
   1,
   0.9966996699669967
  ],
  [
   860,
   "2021_al",
   2,
   1.0
  ],
  [
   861,
   "2021_al",
   3,
   1.0
  ],
  [
   862,
   "2021_al",
   4,
   0.9411764705882353
  ],
  [
   864,
   "2021_al",
   6,
   1.0
  ],
  [
   865,
   "2021_al",
   7,
   1.0
  ],
  [
   867,
   "2021_al",
   9,
   0.9516380655226209
  ],
  [
   868,
   "2021_al",
   10,
   1.0
  ],
  [
   871,
   "2021_al",
   14,
   1.0
  ],
  [
   875,
   "2021_al",
   19,
   1.0
  ],
  [
   878,
   "2021_al",
   22,
   1.0
  ],
  [
   880,
   "2021_al",
   24,
   1.0
  ],
  [
   882,
   "2021_al",
   26,
   0.9668449197860962
  ],
  [
   886,
   "2021_al",
   31,
   0.9106628242074928
  ],
  [
   888,
   "2021_al",
   33,
   0.9674711437565582
  ],
  [
   894,
   "2021_al",
   41,
   0.9878345498783455
  ],
  [
   900,
   "2021_al",
   49,
   1.0
  ],
  [
   904,
   "2021_al",
   53,
   1.0
  ],
  [
   905,
   "2021_al",
   54,
   0.947008547008547
  ],
  [
   910,
   "2021_al",
   59,
   1.0
  ],
  [
   912,
   "2021_al",
   61,
   0.9345794392523364
  ],
  [
   913,
   "2021_al",
   62,
   1.0
  ],
  [
   916,
   "2021_al",
   67,
   0.9877300613496932
  ],
  [
   917,
   "2021_al",
   68,
   0.9620512820512821
  ],
  [
   922,
   "2021_al",
   74,
   0.9954233409610984
  ],
  [
   926,
   "2021_al",
   79,
   1.0
  ],
  [
   932,
   "2021_al",
   85,
   1.0
  ],
  [
   937,
   "2021_al",
   90,
   1.0
  ],
  [
   939,
   "2021_al",
   92,
   1.0
  ],
  [
   941,
   "2021_al",
   94,
   0.9513343799058085
  ],
  [
   943,
   "2021_al",
   96,
   1.0
  ],
  [
   944,
   "2021_al",
   97,
   0.9581646423751687
  ]
 ],
 "orphans": [
  764,
  765,
  795,
  801,
  803,
  814,
  817,
  832,
  836,
  848,
  863,
  877,
  879,
  883,
  890,
  891,
  930,
  934
 ],
 "stats": {
  "verified": 6,
  "mistagged": 71,
  "orphan": 18
 }
}