{
 "mapping": {
  "30": 743,
  "96": 806,
  "68": 779,
  "81": 791,
  "98": 808,
  "57": 768,
  "14": 727,
  "100": 810,
  "95": 805,
  "46": 758,
  "16": 729,
  "75": 785,
  "23": 736,
  "92": 802,
  "97": 807,
  "19": 732,
  "24": 737,
  "25": 738,
  "47": 3270,
  "93": 803,
  "9": 722,
  "55": 3213,
  "73": 3215,
  "15": 728,
  "77": 787,
  "82": 792,
  "4": 3209,
  "99": 809,
  "38": 751,
  "37": 750,
  "1": 714,
  "89": 799,
  "53": 764,
  "48": 759,
  "79": 789,
  "61": 772,
  "11": 724,
  "87": 797,
  "13": 726,
  "21": 734,
  "67": 778,
  "17": 730,
  "26": 739,
  "52": 763,
  "60": 771,
  "80": 790,
  "2": 715,
  "10": 723,
  "32": 745,
  "35": 748,
  "59": 770,
  "66": 777,
  "8": 721,
  "50": 761,
  "36": 749,
  "51": 762,
  "31": 744,
  "39": 752,
  "6": 719,
  "7": 720,
  "18": 731,
  "28": 741,
  "49": 760,
  "63": 774,
  "70": 781,
  "83": 793,
  "3": 3208,
  "12": 725,
  "41": 3211,
  "90": 3218,
  "86": 796,
  "20": 733,
  "69": 780,
  "44": 756,
  "74": 3216,
  "29": 742,
  "76": 786,
  "56": 767,
  "43": 3212,
  "22": 735,
  "42": 754,
  "62": 773,
  "85": 795
 },
 "missing": [
  5,
  27,
  33,
  34,
  40,
  45,
  54,
  58,
  64,
  65,
  71,
  72,
  78,
  84,
  88,
  91,
  94
 ],
 "rankings": [
  [
   30,
   0.4444444444444444,
   743,
   8
  ],
  [
   96,
   0.42105263157894735,
   806,
   8
  ],
  [
   68,
   0.391304347826087,
   779,
   9
  ],
  [
   81,
   0.36363636363636365,
   791,
   8
  ],
  [
   98,
   0.3548387096774194,
   808,
   11
  ],
  [
   57,
   0.35135135135135137,
   768,
   13
  ],
  [
   14,
   0.3448275862068966,
   727,
   10
  ],
  [
   100,
   0.2926829268292683,
   810,
   12
  ],
  [
   95,
   0.2857142857142857,
   805,
   8
  ],
  [
   46,
   0.2647058823529412,
   758,
   9
  ],
  [
   16,
   0.2631578947368421,
   729,
   10
  ],
  [
   75,
   0.2631578947368421,
   785,
   10
  ],
  [
   23,
   0.25806451612903225,
   736,
   8
  ],
  [
   92,
   0.25,
   802,
   10
  ],
  [
   97,
   0.25,
   807,
   7
  ],
  [
   19,
   0.2413793103448276,
   732,
   7
  ],
  [
   24,
   0.2413793103448276,
   737,
   7
  ],
  [
   25,
   0.2413793103448276,
   738,
   14
  ],
  [
   47,
   0.23684210526315788,
   3270,
   9
  ],
  [
   93,
   0.23684210526315788,
   803,
   9
  ],
  [
   9,
   0.22580645161290322,
   722,
   7
  ],
  [
   55,
   0.208955223880597,
   3213,
   14
  ],
  [
   73,
   0.20588235294117646,
   3215,
   7
  ],
  [
   15,
   0.20454545454545456,
   728,
   9
  ],
  [
   77,
   0.2,
   787,
   9
  ],
  [
   82,
   0.2,
   792,
   7
  ],
  [
   4,
   0.19642857142857142,
   3209,
   11
  ],
  [
   99,
   0.19607843137254902,
   809,
   10
  ],
  [
   38,
   0.1951219512195122,
   751,
   8
  ],
  [
   37,
   0.1935483870967742,
   750,
   6
  ],
  [
   1,
   0.19230769230769232,
   714,
   10
  ],
  [
   89,
   0.19230769230769232,
   799,
   5
  ],
  [
   53,
   0.19148936170212766,
   764,
   9
  ],
  [
   48,
   0.18867924528301888,
   759,
   10
  ],
  [
   79,
   0.18604651162790697,
   789,
   8
  ],
  [
   61,
   0.1794871794871795,
   772,
   7
  ],
  [
   11,
   0.17777777777777778,
   724,
   8
  ],
  [
   87,
   0.17777777777777778,
   797,
   8
  ],
  [
   13,
   0.17647058823529413,
   726,
   9
  ],
  [
   21,
   0.17647058823529413,
   734,
   12
  ],
  [
   67,
   0.17647058823529413,
   778,
   6
  ],
  [
   17,
   0.17391304347826086,
   730,
   8
  ],
  [
   26,
   0.16666666666666666,
   739,
   5
  ],
  [
   52,
   0.16666666666666666,
   763,
   6
  ],
  [
   60,
   0.16666666666666666,
   771,
   10
  ],
  [
   80,
   0.16666666666666666,
   790,
   5
  ],
  [
   2,
   0.16363636363636364,
   715,
   9
  ],
  [
   10,
   0.16279069767441862,
   723,
   7
  ],
  [
   32,
   0.16216216216216217,
   745,
   6
  ],
  [
   35,
   0.16,
   748,
   8
  ],
  [
   59,
   0.16,
   770,
   4
  ],
  [
   66,
   0.16,
   777,
   8
  ],
  [
   8,
   0.15873015873015872,
   721,
   10
  ],
  [
   50,
   0.15714285714285714,
   761,
   11
  ],
  [
   36,
   0.15151515151515152,
   749,
   10
  ],
  [
   51,
   0.14814814814814814,
   762,
   12
  ],
  [
   31,
   0.14545454545454545,
   744,
   8
  ],
  [
   39,
   0.14473684210526316,
   752,
   11
  ],
  [
   6,
   0.14285714285714285,
   719,
   8
  ],
  [
   7,
   0.14285714285714285,
   720,
   7
  ],
  [
   18,
   0.14285714285714285,
   731,
   4
  ],
  [
   28,
   0.14285714285714285,
   741,
   8
  ],
  [
   49,
   0.14285714285714285,
   760,
   3
  ],
  [
   63,
   0.14035087719298245,
   774,
   8
  ],
  [
   70,
   0.13924050632911392,
   781,
   11
  ],
  [
   83,
   0.13725490196078433,
   793,
   7
  ],
  [
   3,
   0.13333333333333333,
   3208,
   4
  ],
  [
   12,
   0.13157894736842105,
   725,
   5
  ],
  [
   41,
   0.13095238095238096,
   3211,
   11
  ],
  [
   90,
   0.12658227848101267,
   3218,
   10
  ],
  [
   86,
   0.125,
   796,
   3
  ],
  [
   20,
   0.12307692307692308,
   733,
   8
  ],
  [
   69,
   0.12280701754385964,
   780,
   7
  ],
  [
   44,
   0.11940298507462686,
   756,
   8
  ],
  [
   74,
   0.11627906976744186,
   3216,
   10
  ],
  [
   29,
   0.11594202898550725,
   742,
   8
  ],
  [
   76,
   0.11538461538461539,
   786,
   3
  ],
  [
   56,
   0.1111111111111111,
   767,
   5
  ],
  [
   43,
   0.10869565217391304,
   3212,
   10
  ],
  [
   22,
   0.10606060606060606,
   735,
   7
  ],
  [
   42,
   0.10526315789473684,
   754,
   6
  ],
  [
   62,
   0.10526315789473684,
   773,
   4
  ],
  [
   85,
   0.10416666666666667,
   795,
   5
  ],
  [
   84,
   0.09803921568627451,
   794,
   10
  ],
  [
   45,
   0.09722222222222222,
   757,
   7
  ],
  [
   5,
   0.09473684210526316,
   718,
   9
  ],
  [
   58,
   0.09210526315789473,
   3214,
   7
  ],
  [
   91,
   0.09090909090909091,
   801,
   4
  ],
  [
   40,
   0.0898876404494382,
   3210,
   8
  ],
  [
   94,
   0.08695652173913043,
   804,
   2
  ],
  [
   33,
   0.08620689655172414,
   746,
   5
  ],
  [
   72,
   0.08490566037735849,
   783,
   9
  ],
  [
   54,
   0.07608695652173914,
   765,
   7
  ],
  [
   27,
   0.07526881720430108,
   740,
   7
  ],
  [
   88,
   0.06944444444444445,
   798,
   5
  ],
  [
   65,
   0.06818181818181818,
   776,
   6
  ],
  [
   64,
   0.056338028169014086,
   775,
   4
  ],
  [
   71,
   0.05084745762711865,
   782,
   3
  ],
  [
   78,
   0.05084745762711865,
   3217,
   3
  ],
  [
   34,
   0.041666666666666664,
   735,
   3
  ]
 ]
}